{
  "10.1038/s42256-020-00286-8": {
    "count": 42,
    "timestamp": 1765795199797
  },
  "10.1038/s42003-021-02341-5": {
    "count": 27,
    "timestamp": 1765795199797
  },
  "10.1109/TASLP.2017.2744261": {
    "count": 5,
    "timestamp": 1765795199797
  },
  "10.1109/TASLP.2015.2450491": {
    "count": 28,
    "timestamp": 1765795199797
  },
  "10.21437/Interspeech.2020-2818": {
    "count": 5,
    "timestamp": 1765795199797
  },
  "10.21437/Interspeech.2018-1237": {
    "count": 3,
    "timestamp": 1765795199797
  },
  "10.1109/ICASSP.2016.7471656": {
    "count": 7,
    "timestamp": 1765795199797
  },
  "10.1109/ICASSP.2015.7178819": {
    "count": 11,
    "timestamp": 1765795199797
  },
  "10.1109/EUSIPCO.2015.7362669": {
    "count": 0,
    "timestamp": 1765795199797
  },
  "10.1109/EUSIPCO.2015.7362508": {
    "count": 0,
    "timestamp": 1765795199797
  },
  "10.1109/SLT.2014.7078628": {
    "count": 7,
    "timestamp": 1765795199797
  },
  "10.1109/ICASSP.2014.6854127": {
    "count": 12,
    "timestamp": 1765795199797
  },
  "10.1109/NCC.2012.6176775": {
    "count": 1,
    "timestamp": 1765795199797
  }
}